zcode,sierra_code
zn025,454
zn025 - The Brearley School,454
zk003,1
zk005,2
zk013,3
zk015,4
zk029,5
zk037,6
zk678,7
zk753,8
zk053,9
zk105,10
zk412,11
zk662,12
zk616,13
zk128,14
zk136,15
zk516,16
zk170,17
zk152,18
zk153,19
zk165,20
zk176,21
zk177,22
zk184,23
zk185,24
zk066,25
zk394,26
zk223,27
zk609,28
zk771,29
zk233,30
zk241,31
zk284,32
zk497,33
zk310,34
zk312,35
zk318,36
zk327,37
zk030,38
zk345,39
zk366,40
zk383,41
zk764,42
zk524,43
zk528,44
zk547,45
zk548,46
zk168,47
zk214,48
zk549,49
zk552,50
zk617,51
zk633,52
zk642,53
zk660,54
zk690,55
zk721,56
zk350,57
zk419,58
zk439,59
zk443,60
zk661,61
zm008,62
zm009,63
zm138,64
zm036,65
zm209,66
zm194,67
zm206,68
zm094,69
zm859,70
zm458,71
zm139,72
zm280,73
zm520,74
zm135,75
zm393,76
zm507,77
zm625,78
zm018,79
zm517,80
zm278,81
zm397,82
zm378,83
zq284,84
zq287,85
zq012,86
zq013,87
zq037,88
zq075,89
zq079,90
zq100,91
zq120,92
zq163,93
zq185,94
zq191,95
zq993,96
zq217,97
zq297,98
zq314,99
zq265,100
zq272,101
zq283,102
zq315,103
zq435,104
zq313,105
zq494,106
zq496,107
zq498,108
zq525,109
zq585,110
zq167,111
zq194,112
zr013,113
zr010,114
zr027,115
zr039,116
zr373,117
zr061,118
zk186,119
zx024,120
zx314,121
zx458,122
zx010,123
zx363,124
zx217,125
zx346,126
zx384,127
zx567,128
zx313,129
zx520,130
zx267,131
zx479,132
zx482,133
zx374,134
zx351,135
zx353,136
zx213,137
zx284,138
zx397,139
zx475,140
zx477,141
zx539,142
zx546,143
zx553,144
zx208,145
zx259,146
zx557,147
zx519,148
zx537,149
zx271,150
zx554,151
zx422,152
zx496,153
zx538,154
zx270,155
zk004,156
zk669,157
zk405,158
zk535,159
zm046,160
zm217,161
zq102,162
zq216,163
zq361,164
zx311,165
zx703,166
zk672,167
zk681,168
zk024,169
zk048,170
zk259,171
zk455,172
zq007,173
zq028,174
zq065,175
zq721,176
zx098,177
zx294,178
zk765,179
zm083,180
zm148,181
zm271,182
zm374,183
zm399,184
zm438,185
zm533,186
zm546,187
zq004,188
zq096,189
zq610,190
zx018,191
zm110,192
zm226,193
zm346,194
zk086,195
zk133,196
zk287,197
zk525,198
zk540,199
zm173,200
zx009,201
zx391,202
zk056,203
zk122,204
zk373,205
zk445,206
zk505,207
zx207,208
zx307,209
Bridge Haven,210
zx320,211
zm452,212
zq600,213
zr034,214
zx293,215
zx349,216
zx348,217
zx405,218
zx558,219
zq149,220
zr059,221
zq026,222
zk993a,223
zq326,224
zq133,225
zk229,226
zm015,227
zm034,228
zm064,229
zm134,230
zm184,231
zm292,232
zm315,233
zm332,234
zm361,235
zm364,236
zm448,237
zm650,238
zm839,239
zm011,240
zm077,241
zm114,242
zm124,243
zm131,244
zm150,245
zm151,246
zm177,247
zm183,248
zm198,249
zm225,250
zm234,251
zm260,252
zm267,253
zm281,254
zm282,255
zm290,256
zm298,257
zm316,258
zm340,259
zm343,260
zm376,261
zm394,262
zm407,263
zm411,264
zm413,265
zm418,266
zm425,267
zm427,268
zm432,269
zm442,270
zm449,271
zm459,272
zm500,273
zm519,274
zm527,275
zm531,276
zm534,277
zm544,278
zm550,279
zm565,280
zm570,281
zm586,282
zm615,283
zm933,284
zm084,285
zm163,286
zm165,287
zm166,288
zm185,289
zm191,290
zm242,291
zm243,292
zm245,293
zm247,294
zm250,295
zm256,296
zm258,297
zm291,298
zm333,299
zq154,300
zq046,301
zq064,302
zq222,303
zq277,304
zq291,305
zq301,306
zm402,307
zm403,309
zm404,310
zm415,311
zm417,312
zm421,313
zm860,314
zm862,315
zm037,316
zm038,317
zm182,318
zm224,319
zm372,320
zm377,321
zm406,322
zm409,323
zm497,324
zm555,325
zm825,326
zm092,327
zk745,328
zk751,329
zk770,330
zk114,331
zk115,332
zk135,333
zk208,334
zk211,335
zk235,336
zk244,337
zk268,338
zk272,339
zk279,340
zk285,341
zk563,342
zk566,343
zk567,344
zk569,345
zk576,346
zk578,347
zk581,348
zk588,349
zk589,350
zk598,351
zk629,352
zk635,353
zk637,354
zk673,355
zk763,356
zk065,357
zk108,358
zk149,359
zk190,360
zk202,361
zk213,362
zk218,363
zk224,364
zk273,365
zk290,366
zk292,367
zk306,368
zk311,369
zk325,370
zk328,371
zk346,372
zk404,373
zk409,374
zk422,375
zk452,376
zk557,377
zk654,378
zk663,379
zk677,380
zk683,381
zk760,382
zk069,383
zk102,384
zk104,385
zk112,386
zk127,387
zk160,388
zk180,389
zk192,390
zk200,391
zk201,392
zk204,393
zk264,394
zk503,395
zk506,396
zm999,397
zk538,398
zk572,399
zk001,400
zk008,401
zk009,402
zk010,403
zk021,404
zk032,405
zk041,406
zk051,407
zk054,408
zk062,409
zk068,410
zk078,411
zk089,412
zk098,413
zk100,414
zk107,415
zk139,416
zk146,417
zk147,418
zk164,419
zk187,420
zk206,421
zk217,422
zk225,423
zk230,424
zk234,425
zk240,426
zk246,427
zk251,428
zk269,429
zk274,430
zk278,431
zk295,432
zk299,433
zk303,434
zk315,435
zk321,436
zk335,437
zk347,438
zk362,439
zk399,440
zk403,441
zk410,442
zk429,443
zk430,444
zk442,445
zk490,446
zk493,447
zk502,449
zk504,450
zk507,451
zk510,452
zx011a PS11x Highbridge,453
zk590,455
zm596,1903
zk605,457
zk646,458
zk667,459
zk782,460
zk821,461
zk997,462
zk998,463
zk448,464
zk995,465
zk996,466
zk994,467
zk487,468
zk261,469
zm001,470
zm002,471
zm003,472
zm004,473
zm006,474
zm007,475
zm012,476
zm020,477
zm028,478
zm030,479
zm033,480
zm040,481
zm041,482
zm042,483
zm047,484
zm048,485
zm050,486
zm051,487
zm054,488
zm057,489
zm063,490
zm075,491
zm076,492
zm087,493
zm096,495
zm098,496
zm104,497
zm108,498
zm112,499
zm115,500
zm116,501
zm123,502
zm125,503
zm126,504
zm128,505
zm129,506
zm140,507
zm142,508
zm143,509
zm145,510
zm146,511
zm149,512
zm154,513
zm155,514
zm158,515
zm161,516
zm167,517
zm169,518
zm171,519
zm175,520
zk682,521
zm187,522
zm188,523
zm189,524
zm192,525
zk686,526
zm200,527
zm208,528
zm210,529
zm212,530
zm255,531
zm276,532
zm283,533
zm288,534
zm289,535
zm294,536
zm296,537
zm299,538
zm300,539
zm303,540
zm305,541
zm307,542
zm308,543
zm311,544
zm312,545
zm313,546
zm314,547
zm325,548
zm330,549
zm334,550
zm347,551
zm363,552
zm366,553
zm375,554
zm392,555
zm400,556
zm408,557
zm412,558
zm414,559
zm416,560
zm419,561
zm420,562
zm422,563
zm435,564
zm437,565
zm439,566
zm440,567
zm450,568
zm462,569
zm463,570
zm467,571
zm468,572
zm475,573
zm479,574
zm485,575
zm489,576
zm492,577
zm494,578
zm505,579
zm509,580
zm515,581
zm528,582
zm529,583
zm539,584
zm540,585
zm541,586
zm542,587
zm543,588
zm545,589
zm551,590
zm552,591
zm575,592
zm600,593
zm605,594
zm610,595
zm620,596
zm630,597
zm655,598
zm670,599
zm680,600
zm696,601
zm896,602
zm964,603
zm495,604
zm490,605
zm445,606
zm477,607
zq196,608
zq243,609
zq002,610
zq005,611
zq009,612
zq010,613
zq016,614
zq019,615
zq024,616
zq042,617
zq043,618
zq062,619
zq073,620
zq085,621
zq092,622
zq105,623
zq111,624
zq114,625
zq117,626
zq135,627
zq137,628
zq140,629
zq144,630
zq153,631
zq157,632
zq161,633
zq174,634
zq182,635
zq190,636
zq192,637
zq200,638
zq210,639
zq230,640
zq239,641
zq260,642
zq270,643
zq280,644
zq282,645
zq299,646
zq302,647
zq309,648
zq323,649
zq355,650
zq356,651
zq440,652
zq492,653
zq495,654
zq501,655
zq505,656
zq555,657
zq575,658
zq686,659
zq690,660
zq752,661
zq266,662
zq241,663
zq240,664
zq359,665
zq032,666
zk971,667
zk097,668
zk099,669
zr002,670
zr003,671
zr004,672
zr006,673
zr007,674
zr016,675
zr018,676
zr021,677
zr024,678
zr026,679
zr029,680
zr031,681
zr036,682
zr038,683
zr041,684
zr042,685
zr044,686
zr045,687
zr047,688
zr049,689
zr050,690
zr051,691
zr052,692
zr053,693
zr054,694
zr055,695
zr057,696
zr058,697
zr060,698
zr063,699
zr064,700
zr069,701
zr075,702
zr080,703
zr440,704
zr445,705
zr450,706
zr455,707
zr460,708
zr605,709
zr721,710
zr861,711
zr043,712
zr072,713
zk101,714
zk121,715
zk209,716
zk212,717
zx327,718
zx188,719
zx001,720
zx003,721
zx005,722
zx006,723
zx007,724
zx008,725
zx011,726
zx011 PS 011 Highbridge,726
zx014,727
zx015,728
zx020,729
zx021,730
zx022,731
zx023,732
zx032,733
zx033,734
zx036,735
zx037,736
zx041,737
zx046,738
zx047,739
zx048,740
zx049,741
zx050,742
zx054,743
zx056,744
zx059,745
zx061,746
zx062,747
zx063,748
zx064,749
zx066,750
zx068,751
zx069,752
zx070,753
zx072,754
zx073,755
zx075,756
zx076,757
zx078,758
zx081,759
zx083,760
zx085,761
zx086,762
zx087,763
zx088,764
zx089,765
zx095,766
zx096,767
zx097,768
zx100,769
zx101,770
zx102,771
zx103,772
zx107,773
zx109,774
zx110,775
zx111,776
zx112,777
zx114,778
zx119,779
zx121,780
zx123,781
zx126,782
zx127,783
zx130,784
zx132,785
zx138,786
zx140,787
zx141,788
zx145,789
zx150,790
zx152,791
zx153,792
zx154,793
zx157,794
zx160,795
zx161,796
zx162,797
zx168,798
zx170,799
zx174,800
zx175,801
zx179,802
zx180,803
zx181,804
zx182,805
zx186,806
zx195,807
zx196,808
zx199,809
zx203,810
zx204,811
zx205,812
zx206,813
zx211,814
zx215,815
zx219,816
zx223,817
zx227,818
zx230,819
zx231,820
zx232,821
zx236,822
zx237,823
zx239,824
zx241,825
zx243,826
zx244,827
zx246,828
zx249,829
zx252,830
zx253,831
zx254,832
zx263,833
zx265,834
zx275,836
zx277,837
zx280,838
zx288,839
zx290,840
zx291,841
zn233 - Cong Rodeph Sholom,494
zn022 - Birch Wathen Lenox Schl,835
zk915 - MS 915,941
zk915,941
zx695 Passages Academy – Belmont,929
zx824a Passages Academy – Hope,308
zk993a Passages ACAD – Crossroad,223
zx991a Passages ACAD – Horizon,448
zk418 - The Childrens School,866
zx295,842
zx297,843
zx299,844
zx302,845
zx303,846
zx305,847
zx306,848
zx310,849
zx312,850
zx318,851
zx325,852
zx328,853
zx329,854
zx331,855
zx333,856
zx335,857
zx340,858
zx345,859
zx360,860
zx365,861
zx366,862
zx368,863
zx369,864
zx371,865
zk418,866
zx376,867
zx377,868
zx382,869
zx385,870
zx386,871
zx388,872
zx389,873
zx396,874
zx403,875
zx404,876
zx412,877
zx413,878
zx414,879
zx415,880
zx418,881
zx424,882
zx427,883
zx432,884
zx434,885
zx437,886
zx438,887
zx439,888
zx440,889
zx445,890
zx447,891
zx448,892
zx450,893
zx452,894
zx455,895
zx467,896
zx473,897
zx495,898
zx498,899
zx505,900
zx507,901
zx508,902
zx509,903
zx513,904
zx514,905
zx517,906
zx521,907
zx527,908
zx531,909
zx536,910
zx541,911
zx542,912
zx543,913
zx544,914
zx545,915
zx547,916
zx548,917
zx550,918
zx551,919
zx561,920
zx600,921
zx655,922
zx660,923
zx670,924
zx684,925
zx690,926
zx691,927
zx692,928
zx695,929
zx721,930
zx754,931
zx811,932
zx999,933
zx564,934
zx092,935
zx093,936
zx094,937
zx304,938
zx375,939
zx540,940
zk414,942
zk215,943
MLNYC STAFF,944
zx079,945
zx790,946
zx143,947
zx435,948
zx148,949
zl320,950
zl320 - St. Anselm Catholic Aca,950
zx408,951
zx118,952
zk238,953
zk253,954
zk281,955
zk288,956
zk239,957
zk344,958
zk620,959
zk728,960
zk736,961
zk014,962
zk119,963
zk134,964
zk193,965
zk194,966
zk198,967
zk203,968
zk207,969
zk254,970
zk255,971
zm102,972
zm180,974
zm070,975
zm560,976
zx229,977
zx860,978
zx178,979
zx525,980
zx362,982
zx702,983
zk277,985
zk326,986
zk361,987
zk381,988
zk611,990
zk360,991
zk150,992
zk155,993
zk137,994
zk196,995
zk222,996
zk236,997
zk282,998
zk991,999
zk002,1000
zk006,1001
zk007,1002
zk045,1003
zk052,1004
zk084,1005
zk088,1006
zk090,1007
zk091,1008
zk096,1009
zk106,1010
zk109,1011
zk131,1012
zk141,1013
zk145,1014
zk151,1015
zk156,1016
zk158,1017
zk159,1018
zk163,1019
zk171,1020
zk178,1021
zk179,1022
zk188,1023
zk195,1024
zk197,1025
zk199,1026
zk205,1027
zk216,1028
zk219,1029
zk220,1030
zk226,1031
zk227,1032
zk245,1034
zk247,1035
zk276,1036
zk289,1037
zk291,1038
zk302,1039
zk316,1040
zk323,1041
zk337,1042
zk348,1043
zk349,1044
zk352,1045
zk364,1046
zk372,1047
zk375,1048
zk376,1049
zk382,1050
zk392,1051
zk408,1052
zk425,1053
zk462,1054
zk463,1055
zk464,1056
zk468,1057
zk474,1058
zk477,1059
zk478,1060
zk484,1061
zk485,1062
zk498,1063
zk499,1064
zk514,1065
zk519,1066
zk537,1067
zk539,1068
zk543,1069
zk545,1070
zk556,1071
zk559,1072
zk564,1073
zk582,1074
zk583,1075
zk615,1076
zk618,1077
zk639,1078
zk659,1079
zk684,1080
zk697,1081
zk748,1082
zm005,1083
zm019,1084
zm059,1085
zm072,1086
zm089,1087
zm111,1088
zm130,1089
zm199,1090
zm241,1091
zm301,1092
zm429,1094
zm580,1095
zq008,1096
zq014,1097
zq040,1098
zq061,1099
zq067,1100
zq072,1101
zq077,1102
zq089,1103
zq091,1104
zq109,1105
zq113,1106
zq122,1107
zq125,1108
zq127,1109
zq134,1110
zq148,1111
zq150,1112
zq156,1113
zq158,1114
zq169,1115
zq172,1116
zq175,1117
zq176,1118
zq178,1119
zq183,1120
zq203,1121
zq204,1122
zq226,1123
zq227,1124
zq238,1125
zq242,1126
zq248,1127
zq251,1128
zq253,1129
zq259,1130
zq262,1131
zq264,1132
zq273,1133
zq285,1134
zq295,1135
zq305,1136
zq324,1137
zq351,1138
zq410,1139
zq425,1140
zq430,1141
zq445,1142
zq455,1143
zq460,1144
zq480,1145
zq485,1146
zq670,1147
zq680,1148
zr022,1149
zr048,1150
zr600,1151
zx029,1152
zx057,1153
zx080,1154
zx194,1155
zx250,1156
zx251,1157
zx260,1158
zx268,1159
zx273,1160
zx337,1161
zx339,1162
zx342,1163
zx350,1164
zx433,1165
zx442,1166
zx459,1167
zx549,1168
zx555,1169
zx970,1170
zx425,1171
zx884,1172
zx420,1173
zk298,1174
zk363,1175
zm133,1176
zm157,1177
zm197,1178
zm285,1179
zm286,1180
zm302,1181
zm304,1182
zm318,1183
zm362,1184
zm367,1185
zm369,1186
zm499,1187
zm514,1188
zm692,1189
zm052,1190
zm103,1191
zm132,1192
zm152,1193
zm153,1194
zm178,1195
zm211,1196
zm218,1197
zm223,1198
zm293,1199
zm319,1200
zm322,1201
zm324,1202
zm328,1203
zm348,1204
zm349,1205
zm368,1206
zm423,1207
zm513,1208
zx025,1209
zx030,1210
zx031,1211
zx043,1212
zx065,1213
zx151,1214
zx221,1215
zx224,1216
zx296,1217
zx298,1218
zx334,1219
zx343,1220
zx359,1221
zx379,1222
zx381,1223
zx500,1224
zx522,1225
zx071,1226
zx125,1227
zx131,1228
zx146,1229
zx269,1230
zx282,1231
zx301,1232
zx332,1233
zx367,1234
zx392,1235
zx530,1236
zx559,1237
zx562,1238
zx004,1239
zx028,1240
zx042,1241
zx053,1242
zx055,1243
zx058,1244
zx117,1245
zx128,1246
zx163,1247
zx218,1248
zx274,1249
zx276,1250
zx323,1251
zx324,1252
zx361,1253
zx443,1254
zx449,1255
zx454,1256
zx457,1257
zx568,1258
zx045,1259
zx051,1260
zx077,1261
zx091,1262
zx159,1263
zx209,1264
zx225,1265
zx226,1266
zx228,1267
zx264,1268
zx279,1269
zx308,1270
zx315,1271
zx035,1272
zx319,1273
zx344,1274
zx390,1275
zx524,1276
zx565,1277
zx696,1278
zx016,1279
zx019,1280
zx105,1281
zx106,1282
zx108,1283
zx144,1284
zx169,1285
zx189,1286
zx287,1287
zx289,1288
zx326,1289
zx355,1290
zx357,1291
zx370,1292
zx462,1293
zx468,1294
zx481,1295
zx483,1296
zx529,1297
zx532,1298
zx556,1299
zx566,1300
zx044,1301
zx067,1302
zx129,1303
zx134,1304
zx190,1305
zx212,1306
zx214,1307
zx242,1308
zx248,1309
zx286,1310
zx300,1311
zx316,1312
zx321,1313
zx341,1314
zx372,1315
zx383,1316
zx446,1317
zx463,1318
zx478,1319
zx480,1320
zx511,1321
zx682,1322
zk011,1323
zk020,1324
zk044,1325
zk046,1326
zk067,1327
zk093,1328
zk113,1329
zk256,1330
zk265,1331
zk266,1332
zk270,1333
zk301,1334
zk305,1335
zk307,1336
zk313,1337
zk351,1338
zk483,1339
zk492,1340
zk527,1341
zk553,1342
zk575,1343
zk595,1344
zk670,1345
zk674,1346
zk691,1347
zk016,1348
zk017,1349
zk018,1350
zk023,1351
zk031,1352
zk034,1353
zk050,1354
zk059,1355
zk071,1356
zk110,1357
zk120,1358
zk126,1359
zk132,1360
zk157,1361
zk250,1362
zk257,1363
zk297,1364
zk319,1365
zk380,1366
zk449,1367
zk454,1368
zk488,1369
zk558,1370
zk561,1371
zk577,1372
zk586,1373
zk610,1374
zk614,1375
zk632,1376
zk685,1377
zk038,1378
zk039,1379
zk058,1380
zk094,1381
zk118,1382
zk124,1383
zk130,1384
zk154,1385
zk169,1386
zk172,1387
zk423,1388
zk447,1389
zk529,1390
zk592,1391
zk656,1392
zk676,1393
zk698,1394
zk839,1395
zk025,1396
zk026,1397
zk028,1398
zk035,1399
zk040,1400
zk057,1401
zk081,1402
zk243,1403
zk262,1404
zk267,1405
zk308,1406
zk309,1407
zk393,1408
zk584,1409
zk594,1410
zk627,1411
zk628,1412
zk688,1413
zk012,1414
zk061,1415
zk092,1416
zk138,1417
zk161,1418
zk181,1419
zk189,1420
zk191,1421
zk221,1422
zk249,1423
zk340,1424
zk353,1425
zk354,1426
zk397,1427
zk398,1428
zk489,1429
zk531,1430
zk532,1431
zk533,1432
zk546,1433
zk568,1434
zk600,1435
zk705,1436
zk722,1437
zk555,1438
zk630,1440
zk401,1445
zk446,1446
zk518,1447
zk522,1448
zk599,1449
zk643,1450
zk644,1451
zk647,1452
zk664,1453
zk668,1454
zk671,1455
zq049,1456
zq058,1457
zq068,1458
zq071,1459
zq081,1460
zq087,1461
zq088,1462
zq093,1463
zq110,1464
zq119,1465
zq128,1466
zq143,1467
zq199,1468
zq211,1469
zq229,1470
zq236,1471
zq267,1472
zq290,1473
zq293,1474
zq296,1475
zq307,1476
zq311,1477
zq330,1478
zq343,1479
zq520,1480
zq530,1481
zq550,1482
zq560,1483
zq744,1484
zq877,1485
zq020,1486
zq021,1487
zq022,1488
zq025,1489
zq029,1490
zq107,1491
zq129,1492
zq130,1493
zq164,1494
zq165,1495
zq184,1496
zq189,1497
zq193,1498
zq201,1499
zq209,1500
zq214,1501
zq219,1502
zq237,1503
zq244,1504
zq250,1505
zq252,1506
zq263,1507
zq281,1508
zq294,1509
zq499,1510
zq540,1511
zq792,1512
zq018,1513
zq031,1514
zq041,1515
zq074,1516
zq094,1517
zq098,1518
zq115,1519
zq159,1520
zq162,1521
zq173,1522
zq186,1523
zq188,1524
zq205,1525
zq213,1526
zq221,1527
zq415,1528
zq566,1529
zq045,1530
zq047,1531
zq051,1532
zq053,1533
zq056,1534
zq060,1535
zq063,1536
zq066,1537
zq090,1538
zq097,1539
zq104,1540
zq106,1541
zq108,1542
zq123,1543
zq124,1544
zq146,1545
zq155,1546
zq197,1547
zq202,1548
zq207,1549
zq223,1550
zq232,1551
zq254,1552
zq261,1553
zq306,1554
zq308,1555
zq316,1556
zq317,1557
zq318,1558
zq319,1559
zq333,1560
zq334,1561
zq362,1562
zq400,1563
zq475,1564
zq650,1565
zq048,1566
zq050,1567
zq054,1568
zq055,1569
zq080,1570
zq082,1571
zq086,1572
zq099,1573
zq101,1574
zq121,1575
zq139,1576
zq160,1577
zq206,1578
zq220,1579
zq303,1580
zq310,1581
zq312,1582
zq325,1583
zq328,1584
zq332,1585
zq338,1586
zq349,1587
zq350,1588
zq354,1589
zq358,1590
zq620,1591
zq687,1592
zq896,1593
zq015,1594
zq033,1595
zq034,1596
zq035,1597
zq036,1598
zq038,1599
zq052,1600
zq059,1601
zq095,1602
zq116,1603
zq118,1604
zq131,1605
zq132,1606
zq136,1607
zq138,1608
zq147,1609
zq181,1610
zq195,1611
zq208,1612
zq268,1613
zq289,1614
zq327,1615
zq360,1616
zq011,1617
zq017,1618
zq069,1619
zq070,1620
zq076,1621
zq078,1622
zq084,1623
zq112,1624
zq126,1625
zq141,1626
zq145,1627
zq151,1628
zq152,1629
zq166,1630
zq171,1631
zq212,1632
zq228,1633
zq234,1634
zq235,1635
zq258,1636
zq286,1637
zq300,1638
zq329,1639
zq450,1640
zq502,1641
zq580,1642
zr001,1643
zr005,1644
zr008,1645
zr009,1646
zr011,1647
zr019,1648
zr020,1649
zr023,1650
zr028,1651
zr030,1652
zr032,1653
zr035,1654
zr046,1655
zr056,1656
zr062,1657
zr065,1658
zr068,1659
zr074,1660
zr078,1661
zr470,1662
zk075,1663
zk116,1664
zk123,1665
zk162,1666
zk377,1667
zk384,1668
zk554,1669
zk562,1670
zk036,1671
zk077,1672
zk140,1673
zk231,1674
zk368,1675
zk369,1676
zk370,1677
zk371,1678
zk396,1679
zk811,1680
zm035,1681
zm079,1682
zm401,1683
zm501,1684
zm721,1685
zm751,1686
zm811,1687
zq023,1688
zq177,1689
zq224,1690
zq233,1691
zq255,1692
zq256,1693
zq811,1694
zr025,1695
zr037,1696
zx012,1697
zx017,1698
zx176,1699
zx352,1700
zx469,1701
zx723,1702
zm645,1703
zk125,1704
zk129,1705
zk182,1706
zk333,1707
zk355,1708
zk356,1709
zk357,1710
zk358,1711
zk359,1712
zk360,1713
zk367,1714
zk379,1715
zk386,1716
zk395,1717
zk406,1718
zk417,1719
zk473,1720
zk486,1721
zk508,1722
zk517,1723
zk536,1724
zk593,1725
zk608,1726
zk626,1727
zk648,1728
zk649,1729
zk651,1730
zk652,1731
zk680,1732
zk689,1733
zk692,1734
zk693,1735
zk701,1736
zk702,1737
zk704,1738
zk707,1739
zk710,1740
zk711,1741
zk712,1742
zk724,1743
zk730,1744
zk731,1745
zk733,1746
zk737,1747
zk738,1748
zk739,1749
zk740,1750
zk741,1751
zk742,1752
zk744,1753
zk746,1754
zk752,1755
zk756,1756
zk757,1757
zk758,1758
zk759,1759
zk766,1760
zk769,1761
zk772,1762
zk774,1763
zk775,1764
zk777,1765
zk780,1766
zk781,1767
zk784,1768
zk785,1769
zk788,1770
zk789,1771
zk790,1772
zk791,1773
zk792,1774
zk793,1775
zk797,1776
zk803,1777
zk807,1778
zk876,1779
zk879,1780
zk882,1781
zk883,1782
zk886,1783
zm065,1784
zm068,1785
zm080,1786
zm085,1787
zm100,1788
zm168,1789
zm170,1790
zm174,1791
zm186,1792
zm202,1793
zm203,1794
zm204,1795
zm263,1796
zm265,1797
zm279,1798
zm284,1799
zm295,1800
zm320,1801
zm329,1802
zm335,1803
zm336,1804
zm337,1805
zm341,1806
zm350,1807
zm351,1808
zm353,1809
zm382,1810
zm384,1811
zm385,1812
zm386,1813
zm388,1814
zm430,1815
zm433,1816
zm478,1817
zm481,1818
zm482,1819
zm483,1820
zm518,1821
zm522,1822
zm523,1823
zm702,1824
zm704,1825
zm705,1826
zm707,1827
zm708,1828
zm709,1829
zm726,1830
zm861,1831
zq083,1832
zq170,1833
zq298,1834
zq304,1835
zq320,1836
zq321,1837
zq337,1838
zq339,1839
zq340,1840
zq341,1841
zq342,1842
zq372,1843
zq374,1844
zq375,1845
zq704,1846
zq705,1847
zq706,1848
zr012,1849
zr067,1850
zr073,1851
zx124,1852
zx133,1853
zx165,1854
zx177,1855
zx185,1856
zx200,1857
zx202,1858
zx233,1859
zx255,1860
zx256,1861
zx258,1862
zx309,1863
zx347,1864
zx364,1865
zx378,1866
zx380,1867
zx387,1868
zx393,1869
zx394,1870
zx395,1871
zx398,1872
zx407,1873
zx419,1874
zx429,1875
zx460,1876
zx461,1877
zx464,1878
zx465,1879
zx471,1880
zx472,1881
zx484,1882
zx486,1883
zx487,1884
zx488,1885
zx489,1886
zx491,1887
zx492,1888
zx493,1889
zx494,1890
zx497,1891
zx579,1892
zx581,1893
zx704,1894
zx705,1895
zx706,1896
zx717,1897
zx718,1898
zx730,1899
zk095,1900
zk228,1901
zk329,1902
zm596,1903
zk500,1904
zb002,1905
zl027,1906
zb012,1907
zn118,1908
zn153,1909
zu279,1910
zl356,1911
zl720,1912
zx235,1913 
zx285,1914 
zx015,1915 
zx095,1916 
zx206,1917 
zx819,1918 
zx095,1919
zx115,1920
zx455,1921
zx144,1922
zk017,1923
zk034,1924
zk059,1925
zk614,1926
zk420,1927
zk907,1928
zk115,1929
zk807,1930
zk180,1931
zk410,1932
zk217,1933
zk299,1934
zq093,1935
zq744,1936
zq025,1937
zq188,1938
zq415,1939
zq566,1940
zq410,1941
zq650,1942
zq190,1943
zq620,1944
zq138,1945
zq420,1946
zq799,1947
zx158,1948
zq177,1949
zx839,1950
zq452,1951
zk293,1952
zkagv,1953
zxaav,1954
zqabe,1955
zx625,1956
zq417,1093
zq398,1439
zr084,1441
zr085,1442
zx594,1443
zx593,1444
zq385,1957
zl191,1960
zn208,1961
zq376,1962
zm297,1963
zx184,1964
zq142,1965
zkakq,1966
zkafi,1967
zmaeq,1968
zq419,1969
zk515 Brooklyn Community HS,1974
zk515 Brooklyn Theater Arts HS,1975
zmble,1976
zk338 MS 889K,1977
zk338 MS 890K,1978
zk008,401
zk746 ms 936k,1979
zk746 sunset school of cultural,1980
zxaek saint raymond academy,1981
zx362 j.m. rapport school career,982
zk008 ps8 emily warren roebling,401
zx450 p.s. x017 - adlai campus,893
zx405 renaissance hs for musical,1982
